n,q,eta,alpha,cells,max_relative_depth_error,mean_relative_depth_error,global_cells,global_preserved,incumbent_on_boundary,D_min_min,D_mean_mean,D_geo_geomean,mean_log_volume_multiplier,cut_seconds,tol_cut,tol_cone
4,2,0.25,-0.25,4,1.23331307760032e-16,1.23331307760032e-17,4,1,1,1.625,1.71551884192284,1.71300257420498,2.69123861043742,0.017892,1e-09,1e-09
4,2,0.25,-0.5,4,1.15601407354935e-16,1.15601407354935e-17,4,1,1,1.75,1.84748182976306,1.84477200298997,3.06177847120602,0.0046725,1e-09,1e-09
4,2,0.25,-0.75,4,2.368475785867e-16,2.33581260826354e-17,4,1,1,1.875,1.97944481760328,1.97654143177497,3.40674282864078,0.0014495,1e-09,1e-09
4,2,0.5,-0.25,4,1.29105177429989e-16,1.29105177429989e-17,4,1,1,1.625,1.82993023223324,1.81749818379727,2.98730465569403,0.0015152,1e-09,1e-09
4,2,0.5,-0.5,4,1.17724421600894e-16,5.88622108004471e-18,4,1,1,1.75,1.97069409625118,1.95730573639706,3.35784451646264,0.001967,1e-09,1e-09
4,2,0.5,-0.75,4,2.368475785867e-16,3.40191069893508e-17,4,1,1,1.875,2.11145796026912,2.09711328899685,3.7028088738974,0.0013128,1e-09,1e-09
4,2,1,-0.25,4,0,0,4,1,1,1.625,2.19100724517818,2.1059020143692,3.72371942869579,0.0012947,1e-09,1e-09
4,2,1,-0.5,4,0,0,4,1,1,1.75,2.35954626403803,2.26789447701299,4.0942592894644,0.0019441,1e-09,1e-09
4,2,1,-0.75,4,2.368475785867e-16,1.1842378929335e-17,4,1,1,1.875,2.52808528289789,2.42988693965677,4.43922364689916,0.0013032,1e-09,1e-09
4,2,1.5,-0.25,4,1.27497541663578e-16,2.41527406353506e-17,4,1,1,1.625,3.09155393442467,2.6361842419648,4.84666254360788,0.0012683,1e-09,1e-09
4,2,1.5,-0.5,4,0,0,4,1,1,1.75,3.32936577553426,2.83896764519286,5.21720240437649,0.0012754,1e-09,1e-09
4,2,1.5,-0.75,4,2.368475785867e-16,8.81715163904221e-17,4,1,1,1.875,3.56717761664386,3.04175104842092,5.56216676181125,0.001533,1e-09,1e-09
5,2,0.25,-0.25,11,1.25462212321972e-16,2.97391481584088e-17,3,1,1,1.625,1.73618900984255,1.73434899538132,3.30379274511746,0.0049176,1e-09,1e-09
5,2,0.25,-0.5,11,1.21704497072738e-16,6.26129703477531e-17,3,1,1,1.75,1.86974201059967,1.8677604565645,3.7484405780398,0.0040345,1e-09,1e-09
5,2,0.25,-0.75,11,2.368475785867e-16,1.34735012524387e-17,3,1,1,1.875,2.00329501135679,2.00117191774768,4.1623978069615,0.0038592,1e-09,1e-09
5,2,0.5,-0.25,11,1.25408925161202e-16,3.85347811904766e-17,3,1,1,1.625,1.87355613088681,1.86435372599288,3.73748679254071,0.0038841,1e-09,1e-09
5,2,0.5,-0.5,11,2.12237240138717e-16,2.04830660473154e-17,3,1,1,1.75,2.01767583326272,2.00776555106926,4.18213462546305,0.0048855,1e-09,1e-09
5,2,0.5,-0.75,11,2.368475785867e-16,1.04707670826184e-17,3,1,1,1.875,2.16179553563863,2.15117737614563,4.59609185438475,0.0039353,1e-09,1e-09
5,2,1,-0.25,11,2.78458154158185e-16,4.00623908330693e-17,3,1,1,1.625,2.28716814021055,2.22211022099919,4.79074376638355,0.0048441,1e-09,1e-09
5,2,1,-0.5,11,1.27183503254525e-16,5.78106832975115e-18,3,1,1,1.75,2.46310415099598,2.39304177646067,5.23539159930588,0.0039715,1e-09,1e-09
5,2,1,-0.75,11,1.59328603005572e-16,4.82813948501734e-18,3,1,1,1.875,2.63904016178141,2.56397333192215,5.64934882822759,0.0039783,1e-09,1e-09
5,2,1.5,-0.25,11,1.39118209863471e-16,1.68628133167844e-17,3,1,1,1.625,3.23191428867855,2.86630063573343,6.31813332737781,0.0037863,1e-09,1e-09
5,2,1.5,-0.5,11,2.58362389746446e-16,3.24569106230803e-17,3,1,1,1.75,3.48052308011536,3.08678530002062,6.76278116030014,0.0037806,1e-09,1e-09
5,2,1.5,-0.75,11,4.82276460860033e-16,5.47803490544593e-17,3,1,1,1.875,3.72913187155217,3.30726996430781,7.17673838922185,0.0047488,1e-09,1e-09
6,2,0.25,-0.25,26,1.31040544215444e-16,2.51922239460971e-17,18,1,1,1.625,1.73751186626388,1.735559708532,3.85930971966826,0.0115202,1e-09,1e-09
6,2,0.25,-0.5,26,1.22542330430072e-16,3.31797123815217e-17,18,1,1,1.75,1.87116662520726,1.869064301496,4.37806552474431,0.0120571,1e-09,1e-09
6,2,0.25,-0.75,26,2.368475785867e-16,1.62365006164878e-17,18,1,1,1.875,2.00482138415063,2.00256889446,4.86101562515298,0.0125825,1e-09,1e-09
6,2,0.5,-0.25,26,3.50669464121467e-16,2.49020090650073e-17,18,1,1,1.625,1.87714114215981,1.86743257170616,4.37195171834085,0.0120296,1e-09,1e-09
6,2,0.5,-0.5,26,1.90323947078598e-16,1.95587072028726e-17,18,1,1,1.75,2.02153661463364,2.01108123106817,4.8907075234169,0.012066,1e-09,1e-09
6,2,0.5,-0.75,26,2.20643788352237e-16,3.45016443627504e-18,18,1,1,1.875,2.16593208710747,2.15472989043018,5.37365762382556,0.0105734,1e-09,1e-09
6,2,1,-0.25,26,2.73285667600039e-16,2.13228550602025e-17,18,1,1,1.625,2.29992643298007,2.23245674435449,5.62171860706184,0.0102496,1e-09,1e-09
6,2,1,-0.5,26,2.92365263161e-16,1.02269891520211e-17,18,1,1,1.75,2.47684385090161,2.40418418622791,6.14047441213789,0.0111815,1e-09,1e-09
6,2,1,-0.75,26,2.04439998117774e-16,8.99348407424036e-18,18,1,1,1.875,2.65376126882316,2.57591162810133,6.62342451254655,0.0111744,1e-09,1e-09
6,2,1.5,-0.25,26,4.09928501400058e-16,2.22053656624372e-17,18,1,1,1.625,3.2588807315579,2.89394626952844,7.43834743312763,0.0107827,1e-09,1e-09
6,2,1.5,-0.5,26,2.01681651303547e-16,9.91391572933468e-18,18,1,1,1.75,3.50956386475466,3.11655752103062,7.95710323820368,0.0109682,1e-09,1e-09
6,2,1.5,-0.75,26,2.368475785867e-16,2.19816283095568e-17,18,1,1,1.875,3.76024699795142,3.33916877253281,8.44005333861234,0.0111022,1e-09,1e-09
7,2,0.25,-0.25,57,1.29699928867641e-16,4.8410721410566e-17,23,1,1,1.625,1.75411999616403,1.7522926541877,4.48740014900829,0.0270169,1e-09,1e-09
7,2,0.25,-0.5,57,1.20702959352837e-16,3.77067129076893e-17,23,1,1,1.75,1.88905230356127,1.88708439681753,5.08026392623806,0.0245049,1e-09,1e-09
7,2,0.25,-0.75,57,2.368475785867e-16,1.8381085214948e-17,23,1,1,1.875,2.0239846109585,2.02187613944735,5.63220689813368,0.025263,1e-09,1e-09
7,2,0.5,-0.25,57,2.45514047870526e-16,3.23958291497073e-17,23,1,1,1.625,1.91545076865857,1.90622827423942,5.16101251350668,0.0258219,1e-09,1e-09
7,2,0.5,-0.5,57,3.41965995248233e-16,1.52923242586612e-17,23,1,1,1.75,2.06279313547847,2.05286121841169,5.75387629073646,0.0282029,1e-09,1e-09
7,2,0.5,-0.75,57,2.368475785867e-16,2.95291569242068e-18,23,1,1,1.875,2.21013550229836,2.19949416258395,6.30581926263207,0.0231559,1e-09,1e-09
7,2,1,-0.25,57,2.20045416239711e-16,3.89467261231938e-18,23,1,1,1.625,2.41014867099003,2.34385559372049,6.81437810433965,0.0236233,1e-09,1e-09
7,2,1,-0.5,57,1.49648001654561e-16,2.59872688229741e-17,23,1,1,1.75,2.59554472260465,2.52415217785284,7.40724188156942,0.0234655,1e-09,1e-09
7,2,1,-0.75,57,2.79342936421846e-16,2.24930043484409e-17,23,1,1,1.875,2.78094077421927,2.70444876198518,7.95918485346503,0.0245959,1e-09,1e-09
7,2,1.5,-0.25,57,1.93425290559547e-16,9.4152113881708e-18,23,1,1,1.625,3.54271934468798,3.17547242356434,9.24365132879375,0.0263659,1e-09,1e-09
7,2,1.5,-0.5,57,1.95178742192217e-16,1.35804964388568e-17,23,1,1,1.75,3.81523621735629,3.41973953306929,9.83651510602352,0.0264963,1e-09,1e-09
7,2,1.5,-0.75,57,3.00935064442457e-16,3.5563204637116e-17,23,1,1,1.875,4.0877530900246,3.66400664257424,10.3884580779191,0.0276214,1e-09,1e-09
8,2,0.25,-0.25,120,1.33798961679398e-16,3.47453264035824e-17,6,1,1,1.625,1.73649808673617,1.73543779834776,4.96133743418791,0.0582192,1e-09,1e-09
8,2,0.25,-0.5,120,1.24241892988012e-16,4.77172467214228e-17,6,1,1,1.75,1.87007486263895,1.86893301360528,5.62830918357141,0.0599949,1e-09,1e-09
8,2,0.25,-0.75,120,3.39508779381223e-16,3.5813142907935e-17,6,1,1,1.875,2.00365163854173,2.0024282288628,6.24924502695397,0.0551478,1e-09,1e-09
8,2,0.5,-0.25,120,3.43821580278106e-16,4.11744486396297e-17,6,1,1,1.625,1.86993867172136,1.86476211240443,5.60820142160615,0.0528361,1e-09,1e-09
8,2,0.5,-0.5,120,3.46870918802567e-16,3.75744188165856e-17,6,1,1,1.75,2.01378010800762,2.00820535182016,6.27517317098965,0.0509036,1e-09,1e-09
8,2,0.5,-0.75,120,2.368475785867e-16,8.98018083497205e-18,6,1,1,1.875,2.15762154429388,2.15164859123588,6.89610901437221,0.0517616,1e-09,1e-09
8,2,1,-0.25,120,3.37178092943933e-16,1.82400631351242e-17,6,1,1,1.625,2.24036861368924,2.20675957507968,7.12372665514416,0.0520963,1e-09,1e-09
8,2,1,-0.5,120,2.95731283338859e-16,2.31631325284006e-17,6,1,1,1.75,2.4127046608961,2.37651031162427,7.79069840452766,0.0530365,1e-09,1e-09
8,2,1,-0.75,120,2.14398152187945e-16,1.66866959575097e-17,6,1,1,1.875,2.58504070810297,2.54626104816886,8.41163424791022,0.0512858,1e-09,1e-09
8,2,1.5,-0.25,120,2.8214365071227e-16,4.85201691763829e-17,6,1,1,1.625,2.90325556281738,2.75293565794049,9.11401068843997,0.0513053,1e-09,1e-09
8,2,1.5,-0.5,120,2.76380032424524e-16,7.56772220540875e-18,6,1,1,1.75,3.12658291380333,2.96469993932052,9.78098243782347,0.0522347,1e-09,1e-09
8,2,1.5,-0.75,120,2.03173438988568e-16,2.04593880842999e-17,6,1,1,1.875,3.34991026478928,3.17646422070056,10.401918281206,0.0525065,1e-09,1e-09
6,3,0.25,-0.25,66,2.71759900971303e-16,2.9135267729711e-17,24,1,1,1.625,1.72014246870347,1.71856106058237,3.79041143601214,0.0246165,1e-09,1e-09
6,3,0.25,-0.5,66,3.52711157754789e-16,3.51635070319085e-17,24,1,1,1.75,1.8524611201422,1.85075806524255,4.30916724108819,0.0261775,1e-09,1e-09
6,3,0.25,-0.75,66,4.31290177174776e-16,3.13365854884782e-17,24,1,1,1.875,1.98477977158093,1.98295506990273,4.79211734149685,0.0240865,1e-09,1e-09
6,3,0.5,-0.25,66,2.24356844524703e-16,1.41298077997961e-17,24,1,1,1.625,1.83519685982288,1.82757004508493,4.22091068189792,0.0253458,1e-09,1e-09
6,3,0.5,-0.5,66,2.50931696175242e-16,5.54431768409196e-17,24,1,1,1.75,1.97636584904003,1.96815235624531,4.73966648697397,0.025323,1e-09,1e-09
6,3,0.5,-0.75,66,2.368475785867e-16,2.44796153503152e-17,24,1,1,1.875,2.11753483825717,2.10873466740569,5.22261658738263,0.0259947,1e-09,1e-09
6,3,1,-0.25,66,3.68378578001463e-16,4.59600213005672e-17,24,1,1,1.625,2.16286545285843,2.11429348642188,5.24104495402843,0.026583,1e-09,1e-09
6,3,1,-0.5,66,3.58534598063422e-16,3.72326688207867e-17,24,1,1,1.75,2.32923971846293,2.27693144691587,5.75980075910449,0.0265459,1e-09,1e-09
6,3,1,-0.75,66,2.368475785867e-16,5.28655497993638e-18,24,1,1,1.875,2.49561398406742,2.43956940740986,6.24275085951315,0.026199,1e-09,1e-09
6,3,1.5,-0.25,66,5.46571335200077e-16,6.38429797565085e-17,24,1,1,1.625,2.80032599855465,2.57579098876881,6.6230966693496,0.0241159,1e-09,1e-09
6,3,1.5,-0.5,66,4.6985416538926e-16,3.6820174353365e-17,24,1,1,1.75,3.01573569075116,2.77392875713564,7.14185247442566,0.0267012,1e-09,1e-09
6,3,1.5,-0.75,66,4.38530554363309e-16,5.64574312968355e-17,24,1,1,1.875,3.23114538294767,2.97206652550247,7.62480257483432,0.0262129,1e-09,1e-09
7,3,0.25,-0.25,293,3.8530074623348e-16,4.14644639996753e-17,133,1,1,1.625,1.7298016581826,1.72848389378778,4.37795729846123,0.1251104,1e-09,1e-09
7,3,0.25,-0.5,293,3.56346109211134e-16,4.60836080973109e-17,133,1,1,1.75,1.86286332419665,1.86144419330992,4.97082107569101,0.1208288,1e-09,1e-09
7,3,0.25,-0.75,293,3.47176396383405e-16,3.29639158203832e-17,133,1,1,1.875,1.9959249902107,1.99440449283205,5.52276404758662,0.1190071,1e-09,1e-09
7,3,0.5,-0.25,293,3.4222136896196e-16,3.54559310996904e-17,133,1,1,1.625,1.85583151429255,1.84944981431642,4.91910557753583,0.1206977,1e-09,1e-09
7,3,0.5,-0.5,293,3.34089490510023e-16,3.00946596834498e-17,133,1,1,1.75,1.99858778462275,1.99171518464846,5.51196935476561,0.1203549,1e-09,1e-09
7,3,0.5,-0.75,293,2.368475785867e-16,1.28241290109198e-17,133,1,1,1.875,2.14134405495295,2.13398055498049,6.06391232666122,0.1181973,1e-09,1e-09
7,3,1,-0.25,293,3.48180964937244e-16,2.16027874390208e-17,133,1,1,1.625,2.20960937157334,2.1688082691839,6.19342265589866,0.1205596,1e-09,1e-09
7,3,1,-0.5,293,3.45955159171575e-16,1.9773130168988e-17,133,1,1,1.75,2.37957932323283,2.33563967450574,6.78628643312843,0.1190949,1e-09,1e-09
7,3,1,-0.75,293,3.5527136788005e-16,1.71711504161118e-17,133,1,1,1.875,2.54954927489232,2.50247107982758,7.33822940502404,0.1202464,1e-09,1e-09
7,3,1.5,-0.25,293,3.57864128663448e-16,1.97971397520532e-17,133,1,1,1.625,2.86389368644951,2.68067814119377,7.88855840218383,0.1193854,1e-09,1e-09
7,3,1.5,-0.5,293,5.33713297403144e-16,3.18116194990953e-17,133,1,1,1.75,3.08419320079178,2.88688415205482,8.48142217941361,0.1187615,1e-09,1e-09
7,3,1.5,-0.75,293,4.54414082027696e-16,4.55093064619414e-17,133,1,1,1.875,3.30449271513405,3.09309016291588,9.03336515130922,0.1174739,1e-09,1e-09
8,3,0.25,-0.25,1031,5.17571979970319e-16,4.2062998331391e-17,37,1,1,1.625,1.71960776977995,1.71847754402164,4.87294875022672,0.4594449,1e-09,1e-09
8,3,0.25,-0.5,1031,4.74741495594551e-16,5.01019268647246e-17,37,1,1,1.75,1.85188529053225,1.850668124331,5.53992049961022,0.4616509,1e-09,1e-09
8,3,0.25,-0.75,1031,5.77123615641625e-16,7.08570935600318e-17,37,1,1,1.875,1.98416281128455,1.98285870464035,6.16085634299278,0.4681692,1e-09,1e-09
8,3,0.5,-0.25,1031,5.67432741735383e-16,6.88364029136737e-17,37,1,1,1.625,1.83185311348138,1.82626937522002,5.42047763986892,0.4620977,1e-09,1e-09
8,3,0.5,-0.5,1031,4.54202261553752e-16,5.68838709948558e-17,37,1,1,1.75,1.97276489144148,1.96675163485233,6.08744938925241,0.4507518,1e-09,1e-09
8,3,0.5,-0.75,1031,4.20706613885945e-16,3.7413556440516e-17,37,1,1,1.875,2.11367666940159,2.10723389448463,6.70838523263498,0.4462478,1e-09,1e-09
8,3,1,-0.25,1031,4.35970025855139e-16,6.28269154890985e-17,37,1,1,1.625,2.14230952588962,2.10436771621369,6.69613544701649,0.4553729,1e-09,1e-09
8,3,1,-0.5,1031,4.57766738400698e-16,3.88905957489137e-17,37,1,1,1.75,2.30710256634266,2.26624215592244,7.36310719639998,0.4565024,1e-09,1e-09
8,3,1,-0.75,1031,3.90809723802012e-16,2.15456385208857e-17,37,1,1,1.875,2.47189560679571,2.42811659563119,7.98404303978255,0.4516534,1e-09,1e-09
8,3,1.5,-0.25,1031,8.78523421548309e-16,5.07386756363392e-17,37,1,1,1.625,2.73391100318462,2.53899752136708,8.38592393848193,0.4540763,1e-09,1e-09
8,3,1.5,-0.5,1031,6.0425618780466e-16,4.45717173322202e-17,37,1,1,1.75,2.94421184958343,2.7343050230107,9.05289568786543,0.4565476,1e-09,1e-09
8,3,1.5,-0.75,1031,6.3448913778489e-16,5.71493410180163e-17,37,1,1,1.875,3.15451269598225,2.92961252465432,9.673831531248,0.4555733,1e-09,1e-09
