n,q,orientation,seed,method,y0_source,value,objective_gap,maximum_violation,exitflag,iterations,seconds,at_pgm,at_global
4,2,NONE,11,alternating LP,0,0,1,0,1,1,0.0321236,1,0
4,2,NONE,11,fmincon SQP,0,6.95160093149135e-32,1,6.16297582203915e-33,1,2,0.0240441,1,0
4,2,NONE,11,alternating LP,0.1,0,1,0,1,2,0.0113199,1,0
4,2,NONE,11,fmincon SQP,0.1,-6.09169270074646e-32,1,5.46811755127867e-32,1,2,0.0025521,1,0
4,2,NONE,11,alternating LP,0.2,0,1,0,1,2,0.0107442,1,0
4,2,NONE,11,fmincon SQP,0.2,4.989204297425e-33,1,1.23259516440783e-32,1,2,0.0023213,1,0
4,2,NONE,11,alternating LP,0.3,0,1,0,1,2,0.0112116,1,0
4,2,NONE,11,fmincon SQP,0.3,-1.93315715258784e-32,1,6.16297582203915e-32,1,3,0.0025519,1,0
4,2,NONE,11,alternating LP,0.4,-1,0,0,1,2,0.0103676,0,1
4,2,NONE,11,fmincon SQP,0.4,-2.39872297177446e-32,1,4.93038065763132e-32,1,4,0.0041859,1,0
4,2,NONE,11,alternating LP,0.5,-1,0,0,1,2,0.0107074,0,1
4,2,NONE,11,fmincon SQP,0.5,-1.86995884810577e-32,1,2.46519032881566e-32,1,4,0.0039136,1,0
4,2,NONE,11,alternating LP,0.6,-1,0,0,1,2,0.0106571,0,1
4,2,NONE,11,fmincon SQP,0.6,-7.74460534039275e-32,1,1.06802199925271e-31,1,4,0.0028402,1,0
4,2,NONE,11,alternating LP,0.7,-1,0,0,1,2,0.010581,0,1
4,2,NONE,11,fmincon SQP,0.7,-1,0,0,1,8,0.0035045,0,1
4,2,NONE,11,alternating LP,0.8,-1,0,0,1,2,0.0106509,0,1
4,2,NONE,11,fmincon SQP,0.8,-1,0,0,1,9,0.0037858,0,1
4,2,NONE,11,alternating LP,0.9,-1,0,0,1,2,0.0146697,0,1
4,2,NONE,11,fmincon SQP,0.9,-1,0,0,1,8,0.0056514,0,1
4,2,NONE,11,alternating LP,1,-1,0,0,1,1,0.0065971,0,1
4,2,NONE,11,fmincon SQP,1,-1,0,0,1,8,0.003637,0,1
6,2,HH,12,alternating LP,0,-15.4967027343725,1,7.32747196252603e-15,1,1,0.0064188,1,0
6,2,HH,12,fmincon SQP,0,-15.4967027343725,0.999999999999998,4.44089209850063e-16,1,3,0.0031653,1,0
6,2,HH,12,alternating LP,0.1,-15.4967027343725,1,7.32747196252603e-15,1,2,0.011652,1,0
6,2,HH,12,fmincon SQP,0.1,-15.4967027343725,1,2.22044604925031e-16,1,3,0.0028772,1,0
6,2,HH,12,alternating LP,0.2,-15.4967027343725,1,7.32747196252603e-15,1,2,0.0106365,1,0
6,2,HH,12,fmincon SQP,0.2,-15.4967027343725,1,1.11022302462516e-16,1,3,0.0028931,1,0
6,2,HH,12,alternating LP,0.3,-15.4967027343725,1,7.32747196252603e-15,1,2,0.0113468,1,0
6,2,HH,12,fmincon SQP,0.3,-15.4967027343725,1,6.66133814775094e-16,1,3,0.0029254,1,0
6,2,HH,12,alternating LP,0.4,-16.4967027343725,3.5527136788005e-15,5.32907051820075e-15,1,2,0.0122196,0,1
6,2,HH,12,fmincon SQP,0.4,-15.4967027343725,1,6.66133814775094e-16,1,4,0.0027336,1,0
6,2,HH,12,alternating LP,0.5,-16.4967027343725,3.5527136788005e-15,5.32907051820075e-15,1,2,0.0104132,0,1
6,2,HH,12,fmincon SQP,0.5,-15.4967027343725,1,2.22044604925031e-16,1,4,0.0026665,1,0
6,2,HH,12,alternating LP,0.6,-16.4967027343725,3.5527136788005e-15,5.32907051820075e-15,1,2,0.0103701,0,1
6,2,HH,12,fmincon SQP,0.6,-15.4967027343725,1,4.44089209850063e-16,1,4,0.0031409,1,0
6,2,HH,12,alternating LP,0.7,-16.4967027343725,3.5527136788005e-15,5.32907051820075e-15,1,2,0.0098262,0,1
6,2,HH,12,fmincon SQP,0.7,-16.4967027343725,0,5.55111512312578e-16,1,9,0.0037627,0,1
6,2,HH,12,alternating LP,0.8,-16.4967027343725,3.5527136788005e-15,5.32907051820075e-15,1,2,0.0094812,0,1
6,2,HH,12,fmincon SQP,0.8,-16.4967027343725,0,3.33066907387547e-16,1,10,0.0041206,0,1
6,2,HH,12,alternating LP,0.9,-16.4967027343725,3.5527136788005e-15,5.32907051820075e-15,1,2,0.0097899,0,1
6,2,HH,12,fmincon SQP,0.9,-16.4967027343725,-3.5527136788005e-15,8.88178419700125e-16,1,9,0.0037208,0,1
6,2,HH,12,alternating LP,1,-16.4967027343725,3.5527136788005e-15,5.32907051820075e-15,1,1,0.0053851,0,1
6,2,HH,12,fmincon SQP,1,-16.4967027343725,0,3.33066907387547e-16,1,9,0.0037511,0,1
6,3,QR,13,alternating LP,0,26.2632922144538,1,1.33226762955019e-15,1,1,0.0047611,1,0
6,3,QR,13,fmincon SQP,0,26.2632922144537,0.999999999999993,8.88178419700125e-16,1,3,0.0023629,1,0
6,3,QR,13,alternating LP,0.1,26.2632922144538,1,1.33226762955019e-15,1,2,0.0099769,1,0
6,3,QR,13,fmincon SQP,0.1,26.2632922144538,1,4.44089209850063e-16,1,3,0.0025054,1,0
6,3,QR,13,alternating LP,0.2,26.2632922144538,1,1.33226762955019e-15,1,2,0.0106887,1,0
6,3,QR,13,fmincon SQP,0.2,26.2632922144537,0.999999999999986,0,1,3,0.002641,1,0
6,3,QR,13,alternating LP,0.3,26.2632922144538,1,1.33226762955019e-15,1,2,0.0102062,1,0
6,3,QR,13,fmincon SQP,0.3,26.2632922144537,0.999999999999986,4.44089209850063e-16,1,3,0.0028813,1,0
6,3,QR,13,alternating LP,0.4,25.2632922144538,-3.5527136788005e-15,4.44089209850063e-16,1,2,0.0107631,0,1
6,3,QR,13,fmincon SQP,0.4,26.2632922144537,0.999999999999993,4.44089209850063e-16,1,4,0.0028816,1,0
6,3,QR,13,alternating LP,0.5,25.2632922144538,-3.5527136788005e-15,4.44089209850063e-16,1,2,0.0111742,0,1
6,3,QR,13,fmincon SQP,0.5,26.2632922144538,0.999999999999996,4.44089209850063e-16,1,4,0.0027699,1,0
6,3,QR,13,alternating LP,0.6,25.2632922144538,-3.5527136788005e-15,4.44089209850063e-16,1,2,0.0106878,0,1
6,3,QR,13,fmincon SQP,0.6,26.2632922144537,0.999999999999993,1.11022302462516e-16,1,4,0.0028559,1,0
6,3,QR,13,alternating LP,0.7,25.2632922144538,-3.5527136788005e-15,4.44089209850063e-16,1,2,0.0111329,0,1
6,3,QR,13,fmincon SQP,0.7,25.2632922144537,-7.105427357601e-15,4.44089209850063e-16,1,11,0.0043142,0,1
6,3,QR,13,alternating LP,0.8,25.2632922144538,-3.5527136788005e-15,4.44089209850063e-16,1,2,0.009867,0,1
6,3,QR,13,fmincon SQP,0.8,25.2632922144537,-7.105427357601e-15,4.44089209850063e-16,1,11,0.0043371,0,1
6,3,QR,13,alternating LP,0.9,25.2632922144538,-3.5527136788005e-15,4.44089209850063e-16,1,2,0.0092731,0,1
6,3,QR,13,fmincon SQP,0.9,25.2632922144537,-7.105427357601e-15,4.44089209850063e-16,1,11,0.0046963,0,1
6,3,QR,13,alternating LP,1,25.2632922144538,-3.5527136788005e-15,4.44089209850063e-16,1,1,0.0050107,0,1
6,3,QR,13,fmincon SQP,1,25.2632922144537,-7.105427357601e-15,2.77555756156289e-17,1,11,0.0040798,0,1
8,3,QR,14,alternating LP,0,-21.771949792923,1,1.66533453693773e-15,1,1,0.0064119,1,0
8,3,QR,14,fmincon SQP,0,-21.771949792923,1,8.88178419700125e-16,1,2,0.0023118,1,0
8,3,QR,14,alternating LP,0.1,-21.771949792923,1,1.66533453693773e-15,1,2,0.0103648,1,0
8,3,QR,14,fmincon SQP,0.1,-21.771949792923,1,8.88178419700125e-16,1,2,0.0023743,1,0
8,3,QR,14,alternating LP,0.2,-21.771949792923,1,1.66533453693773e-15,1,2,0.0102117,1,0
8,3,QR,14,fmincon SQP,0.2,-21.771949792923,1,1.77635683940025e-15,1,3,0.002535,1,0
8,3,QR,14,alternating LP,0.3,-21.771949792923,1,1.66533453693773e-15,1,2,0.0106459,1,0
8,3,QR,14,fmincon SQP,0.3,-21.771949792923,1,1.77635683940025e-15,1,3,0.0027137,1,0
8,3,QR,14,alternating LP,0.4,-22.771949792923,0,8.88178419700125e-16,1,2,0.0103257,0,1
8,3,QR,14,fmincon SQP,0.4,-21.771949792923,1,4.44089209850063e-16,1,4,0.002959,1,0
8,3,QR,14,alternating LP,0.5,-22.771949792923,0,8.88178419700125e-16,1,2,0.010038,0,1
8,3,QR,14,fmincon SQP,0.5,-21.771949792923,1,8.88178419700125e-16,1,4,0.0027819,1,0
8,3,QR,14,alternating LP,0.6,-22.771949792923,0,8.88178419700125e-16,1,2,0.0104395,0,1
8,3,QR,14,fmincon SQP,0.6,-21.771949792923,1,8.88178419700125e-16,1,5,0.0032832,1,0
8,3,QR,14,alternating LP,0.7,-22.771949792923,0,8.88178419700125e-16,1,2,0.0113204,0,1
8,3,QR,14,fmincon SQP,0.7,-22.771949792923,0,4.44089209850063e-16,1,15,0.005212,0,1
8,3,QR,14,alternating LP,0.8,-22.771949792923,0,8.88178419700125e-16,1,2,0.0105112,0,1
8,3,QR,14,fmincon SQP,0.8,-22.771949792923,0,8.88178419700125e-16,1,17,0.0054689,0,1
8,3,QR,14,alternating LP,0.9,-22.771949792923,0,8.88178419700125e-16,1,2,0.0100836,0,1
8,3,QR,14,fmincon SQP,0.9,-22.771949792923,0,8.88178419700125e-16,1,16,0.0052525,0,1
8,3,QR,14,alternating LP,1,-22.771949792923,0,8.88178419700125e-16,1,1,0.00491,0,1
8,3,QR,14,fmincon SQP,1,-22.771949792923,0,4.44089209850063e-16,1,16,0.0054834,0,1
