n,q,eta,alpha,rays,cells,max_blackbox_relative_depth_error,mean_blackbox_relative_depth_error,max_blackbox_level_residual,blackbox_function_evaluations,max_cut_recovery_error,global_cells,global_preserved,incumbent_on_boundary,D_min_min,D_mean_mean,D_geo_geomean,mean_log_volume_multiplier,blackbox_seconds,cut_assembly_seconds,tol_cut,tol_cone
4,2,0.25,-0.25,7,4,3.04628330167279e-14,1.49767368207804e-14,9.85878045867139e-14,249,1.24493823305316e-16,4,1,1,1.625,1.71551884192285,1.71300257420498,2.69123861043743,0.0067493,0.0136588,1e-09,1e-09
4,2,0.25,-0.5,7,4,2.8421709430404e-14,9.25306593324068e-15,9.9475983006414e-14,253,1.14521928634314e-16,4,1,1,1.75,1.84748182976305,1.84477200298996,3.06177847120599,0.002216,0.0040207,1e-09,1e-09
4,2,0.25,-0.75,7,4,2.03828724613416e-14,6.51463986148973e-15,7.63833440942108e-14,255,2.368475785867e-16,4,1,1,1.875,1.97944481760327,1.97654143177497,3.40674282864077,0.0023024,0.0012731,1e-09,1e-09
4,2,0.5,-0.25,7,4,2.71309513166369e-14,1.21413027747949e-14,8.83737527601625e-14,257,2.20039563440088e-16,4,1,1,1.625,1.82993023223323,1.81749818379727,2.98730465569402,0.0034234,0.0011397,1e-09,1e-09
4,2,0.5,-0.5,7,4,2.84893100274164e-14,1.3954061632264e-14,9.9475983006414e-14,258,1.19883379042136e-16,4,1,1,1.75,1.97069409625118,1.95730573639706,3.35784451646264,0.0020515,0.0017218,1e-09,1e-09
4,2,0.5,-0.75,7,4,2.04369595899152e-14,6.57026413603331e-15,7.63833440942108e-14,217,2.368475785867e-16,4,1,1,1.875,2.11145796026911,2.09711328899685,3.70280887389738,0.0018766,0.0010183,1e-09,1e-09
4,2,1,-0.25,7,4,3.01896161297055e-14,1.37770673288429e-14,9.76996261670138e-14,212,1.21567521059957e-16,4,1,1,1.625,2.19100724517817,2.1059020143692,3.72371942869578,0.0017505,0.0009855,1e-09,1e-09
4,2,1,-0.5,7,4,2.54044935649572e-14,1.2026529334992e-14,8.88178419700125e-14,213,1.12884126698536e-16,4,1,1,1.75,2.35954626403804,2.267894477013,4.09425928946442,0.00174,0.0010415,1e-09,1e-09
4,2,1,-0.75,7,4,1.80364666563742e-14,4.95712303555364e-15,6.75015598972095e-14,220,2.368475785867e-16,4,1,1,1.875,2.52808528289789,2.42988693965678,4.43922364689916,0.0017209,0.0009723,1e-09,1e-09
4,2,1.5,-0.25,7,4,2.08927133421154e-14,6.15656039965722e-15,6.75015598972095e-14,219,2.14109542836471e-16,4,1,1,1.625,3.09155393442468,2.6361842419648,4.84666254360789,0.0017731,0.0010308,1e-09,1e-09
4,2,1.5,-0.5,7,4,2.80330565728036e-14,1.14734188194566e-14,9.81437153768638e-14,219,5.07530525542929e-16,4,1,1,1.75,3.32936577553426,2.83896764519285,5.21720240437647,0.0018197,0.001025,1e-09,1e-09
4,2,1.5,-0.75,7,4,9.25032453045834e-15,3.90782434132521e-15,3.5527136788005e-14,226,2.368475785867e-16,4,1,1,1.875,3.56717761664386,3.04175104842093,5.56216676181125,0.0023337,0.0010105,1e-09,1e-09
5,2,0.25,-0.25,11,11,2.32833747043631e-14,1.25385639093957e-14,7.54951656745106e-14,436,1.31025879480608e-16,3,1,1,1.625,1.73618900984254,1.73434899538132,3.30379274511745,0.0029959,0.0039529,1e-09,1e-09
5,2,0.25,-0.5,11,11,2.8421709430404e-14,1.12137279031313e-14,9.9475983006414e-14,434,1.2170449707274e-16,3,1,1,1.75,1.86974201059965,1.86776045656449,3.74844057803975,0.0031319,0.0027375,1e-09,1e-09
5,2,0.25,-0.75,11,11,2.11958023653305e-14,1.03010007890251e-14,7.99360577730113e-14,455,2.368475785867e-16,3,1,1,1.875,2.00329501135678,2.00117191774767,4.16239780696148,0.0030562,0.0028308,1e-09,1e-09
5,2,0.5,-0.25,11,11,1.74219613095025e-14,8.01359628591847e-15,5.6843418860808e-14,449,2.50817850322403e-16,3,1,1,1.625,1.87355613088681,1.86435372599288,3.73748679254071,0.0030013,0.0026659,1e-09,1e-09
5,2,0.5,-0.5,11,11,2.65296550173397e-14,1.42037506842725e-14,9.28146448586631e-14,452,1.91524702886736e-16,3,1,1,1.75,2.01767583326271,2.00776555106925,4.18213462546301,0.003419,0.0027558,1e-09,1e-09
5,2,0.5,-0.75,11,11,2.4998179082133e-14,8.78127553209752e-15,9.41469124882133e-14,414,2.368475785867e-16,3,1,1,1.875,2.16179553563862,2.15117737614563,4.59609185438473,0.0028481,0.0026106,1e-09,1e-09
5,2,1,-0.25,11,11,3.05051826836883e-14,1.43593857222153e-14,9.9475983006414e-14,397,1.39229077079089e-16,3,1,1,1.625,2.28716814021056,2.2221102209992,4.79074376638357,0.0030737,0.0027131,1e-09,1e-09
5,2,1,-0.5,11,11,1.95242969285641e-14,6.77613116929135e-15,6.83897383169096e-14,414,1.7070921750597e-16,3,1,1,1.75,2.46310415099598,2.39304177646068,5.2353915993059,0.0028376,0.0028184,1e-09,1e-09
5,2,1,-0.75,11,11,2.51693903159753e-14,1.01436407273443e-14,9.50350909079134e-14,408,2.368475785867e-16,3,1,1,1.875,2.63904016178139,2.56397333192214,5.64934882822756,0.0035493,0.0029643,1e-09,1e-09
5,2,1.5,-0.25,11,11,2.01764571451793e-14,7.02379299687396e-15,6.57252030578093e-14,410,2.06368239555189e-16,3,1,1,1.625,3.23191428867854,2.86630063573342,6.31813332737778,0.0030754,0.0028519,1e-09,1e-09
5,2,1.5,-0.5,11,11,2.59475029355728e-14,8.06280570823192e-15,9.05941988094128e-14,412,1.91627651015534e-16,3,1,1,1.75,3.48052308011538,3.08678530002063,6.76278116030016,0.0031031,0.0029748,1e-09,1e-09
5,2,1.5,-0.75,11,11,2.55606524255817e-14,1.02706609950934e-14,9.59232693276135e-14,414,2.4113823043001e-16,3,1,1,1.875,3.72913187155218,3.30726996430782,7.17673838922186,0.0029123,0.0026705,1e-09,1e-09
6,2,0.25,-0.25,16,26,2.57758774266299e-14,1.42414580430423e-14,8.34887714518118e-14,671,1.3196866354008e-16,18,1,1,1.625,1.73751186626389,1.735559708532,3.85930971966828,0.0043823,0.006784,1e-09,1e-09
6,2,0.25,-0.5,16,26,2.8421709430404e-14,1.04665753787257e-14,9.9475983006414e-14,678,1.2012408992649e-16,18,1,1,1.75,1.87116662520725,1.86906430149598,4.37806552474427,0.0045807,0.0067974,1e-09,1e-09
6,2,0.25,-0.75,16,26,2.54515067352932e-14,1.03424412197074e-14,9.54791801177635e-14,688,3.3634745179416e-16,18,1,1,1.875,2.00482138415063,2.00256889446,4.86101562515298,0.0047566,0.0068175,1e-09,1e-09
6,2,0.5,-0.25,16,26,2.64772546022684e-14,1.26456928127641e-14,8.61533067109121e-14,697,2.15082961707874e-16,18,1,1,1.625,1.8771411421598,1.86743257170614,4.37195171834079,0.0046264,0.0068381,1e-09,1e-09
6,2,0.5,-0.5,16,26,2.47472450394292e-14,1.36867263832903e-14,8.70414851306123e-14,683,2.26754058851436e-16,18,1,1,1.75,2.02153661463365,2.01108123106817,4.89070752341692,0.0043695,0.0071094,1e-09,1e-09
6,2,0.5,-0.75,16,26,2.58737306551938e-14,9.97659638243599e-15,9.68114477473137e-14,654,2.11637121594679e-16,18,1,1,1.875,2.16593208710748,2.15472989043019,5.37365762382558,0.0043727,0.0069402,1e-09,1e-09
6,2,1,-0.25,16,26,2.32262892168785e-14,1.15502740080838e-14,7.54951656745106e-14,653,2.15107689926148e-16,18,1,1,1.625,2.29992643298006,2.23245674435448,5.62171860706182,0.0043759,0.0073543,1e-09,1e-09
6,2,1,-0.5,16,26,2.75707332472311e-14,1.04219773663899e-14,9.59232693276135e-14,659,2.53765262771464e-16,18,1,1,1.75,2.47684385090162,2.40418418622792,6.14047441213791,0.0043658,0.0068722,1e-09,1e-09
6,2,1,-0.75,16,26,2.65086184145507e-14,9.86292515885324e-15,9.9475983006414e-14,651,2.368475785867e-16,18,1,1,1.875,2.65376126882316,2.57591162810134,6.62342451254656,0.0043324,0.0068492,1e-09,1e-09
6,2,1.5,-0.25,16,26,2.78270690784443e-14,1.23559284724285e-14,9.05941988094128e-14,656,2.17195624480745e-16,18,1,1,1.625,3.25888073155789,2.89394626952843,7.43834743312761,0.0043792,0.0072166,1e-09,1e-09
6,2,1.5,-0.5,16,26,2.82717426914154e-14,9.60793770288967e-15,9.9475983006414e-14,654,3.6956526394006e-16,18,1,1,1.75,3.50956386475466,3.11655752103063,7.95710323820369,0.0045401,0.0073183,1e-09,1e-09
6,2,1.5,-0.75,16,26,2.366426358962e-14,8.67443989816305e-15,8.88178419700125e-14,658,2.368475785867e-16,18,1,1,1.875,3.76024699795143,3.33916877253282,8.44005333861236,0.0047164,0.0071543,1e-09,1e-09
7,2,0.25,-0.25,22,57,2.83980649115078e-14,1.45634517932325e-14,9.2370555648813e-14,956,1.29569953582042e-16,23,1,1,1.625,1.75411999616404,1.75229265418771,4.48740014900833,0.0070285,0.0162833,1e-09,1e-09
7,2,0.25,-0.5,22,57,2.8421709430404e-14,1.65739181992182e-14,9.9475983006414e-14,950,1.20702959352835e-16,23,1,1,1.75,1.88905230356127,1.88708439681753,5.08026392623809,0.0066758,0.0156323,1e-09,1e-09
7,2,0.25,-0.75,22,57,2.63749583732553e-14,1.15625073007034e-14,9.85878045867139e-14,975,3.33676356288682e-16,23,1,1,1.875,2.02398461095849,2.02187613944734,5.63220689813364,0.0062832,0.0158581,1e-09,1e-09
7,2,0.5,-0.25,22,57,2.90126341201901e-14,1.20613748132069e-14,9.41469124882133e-14,980,2.12378829943473e-16,23,1,1,1.625,1.91545076865858,1.90622827423943,5.16101251350671,0.0065888,0.0156527,1e-09,1e-09
7,2,0.5,-0.5,22,57,2.70612057752187e-14,1.17634835559007e-14,9.45910016980633e-14,982,3.43569861959831e-16,23,1,1,1.75,2.06279313547846,2.05286121841168,5.75387629073643,0.0064788,0.0157014,1e-09,1e-09
7,2,0.5,-0.75,22,57,2.66165243914436e-14,9.99395134468535e-15,9.9475983006414e-14,953,2.13776802997222e-16,23,1,1,1.875,2.21013550229836,2.19949416258396,6.30581926263209,0.0062982,0.0157607,1e-09,1e-09
7,2,1,-0.25,22,57,2.82591086149183e-14,1.07500961926831e-14,9.2370555648813e-14,944,2.20045416239715e-16,23,1,1,1.625,2.41014867099004,2.34385559372049,6.81437810433965,0.0066059,0.0164574,1e-09,1e-09
7,2,1,-0.5,22,57,2.80415235293775e-14,1.14564930741312e-14,9.85878045867139e-14,941,2.04327886508299e-16,23,1,1,1.75,2.59554472260465,2.52415217785283,7.40724188156941,0.0060916,0.0159231,1e-09,1e-09
7,2,1,-0.75,22,57,2.45516184331217e-14,1.16384118030149e-14,9.2370555648813e-14,944,2.368475785867e-16,23,1,1,1.875,2.78094077421928,2.70444876198519,7.95918485346506,0.0064119,0.0163514,1e-09,1e-09
7,2,1.5,-0.25,22,57,2.98172517607425e-14,1.21158410116111e-14,9.76996261670138e-14,962,1.93425290559548e-16,23,1,1,1.625,3.54271934468796,3.17547242356432,9.2436513287937,0.0064285,0.0164766,1e-09,1e-09
7,2,1.5,-0.5,22,57,2.8511479255914e-14,1.14564619627898e-14,9.9475983006414e-14,960,1.95178742192218e-16,23,1,1,1.75,3.81523621735632,3.41973953306931,9.83651510602356,0.0069006,0.0160114,1e-09,1e-09
7,2,1.5,-0.75,22,57,2.2630758995467e-14,8.40311920806272e-15,8.5265128291212e-14,954,3.00935064442461e-16,23,1,1,1.875,4.08775309002458,3.66400664257422,10.3884580779191,0.0066584,0.0158832,1e-09,1e-09
8,2,0.25,-0.25,29,120,3.05284376098795e-14,1.22965079450755e-14,9.9475983006414e-14,1284,1.33798961679399e-16,6,1,1,1.625,1.73649808673618,1.73543779834777,4.96133743418796,0.0088931,0.0355623,1e-09,1e-09
8,2,0.25,-0.5,29,120,2.8421709430404e-14,1.20341701805338e-14,9.9475983006414e-14,1289,1.22636848179287e-16,6,1,1,1.75,1.87007486263894,1.86893301360528,5.62830918357139,0.0087781,0.0355399,1e-09,1e-09
8,2,0.25,-0.75,29,120,2.39630648353768e-14,1.03836585369277e-14,9.01501095995627e-14,1329,3.46852832980517e-16,6,1,1,1.875,2.00365163854173,2.0024282288628,6.24924502695397,0.0084566,0.0342755,1e-09,1e-09
8,2,0.5,-0.25,29,120,2.87713102967421e-14,1.40158063555327e-14,9.34807786734382e-14,1302,3.39629112983029e-16,6,1,1,1.625,1.86993867172136,1.86476211240443,5.60820142160614,0.0085591,0.0342076,1e-09,1e-09
8,2,0.5,-0.5,29,120,2.78336611590014e-14,1.3010178935196e-14,9.72555369571637e-14,1311,3.62608176515343e-16,6,1,1,1.75,2.01378010800762,2.00820535182016,6.27517317098966,0.0081179,0.0344543,1e-09,1e-09
8,2,0.5,-0.75,29,120,2.48733455388276e-14,1.10387382834571e-14,9.37028232783632e-14,1285,4.24388511707494e-16,6,1,1,1.875,2.15762154429389,2.15164859123589,6.89610901437224,0.0080398,0.0338147,1e-09,1e-09
8,2,1,-0.25,29,120,2.74962465504554e-14,1.33131637464234e-14,8.88178419700125e-14,1278,5.61963488239875e-16,6,1,1,1.625,2.24036861368923,2.20675957507967,7.12372665514415,0.0081102,0.0339852,1e-09,1e-09
8,2,1,-0.5,29,120,2.84043852558722e-14,1.02360492011201e-14,9.9475983006414e-14,1288,2.95731283338859e-16,6,1,1,1.75,2.4127046608961,2.37651031162427,7.79069840452766,0.0086709,0.0340261,1e-09,1e-09
8,2,1,-0.75,29,120,2.59988389394401e-14,1.0993024583727e-14,9.76996261670138e-14,1287,1.87540933120793e-16,6,1,1,1.875,2.58504070810296,2.54626104816885,8.41163424791019,0.0080881,0.0340367,1e-09,1e-09
8,2,1.5,-0.25,29,120,3.00144798701492e-14,1.0399925516688e-14,9.76996261670138e-14,1280,2.34430891140662e-16,6,1,1,1.625,2.90325556281739,2.7529356579405,9.11401068844001,0.0084034,0.034789,1e-09,1e-09
8,2,1.5,-0.5,29,120,2.64610438132293e-14,8.10395495911148e-15,9.2370555648813e-14,1283,2.85161181446674e-16,6,1,1,1.75,3.12658291380333,2.96469993932053,9.78098243782348,0.0094014,0.0426345,1e-09,1e-09
8,2,1.5,-0.75,29,120,2.65764327131554e-14,1.07612258492941e-14,9.9475983006414e-14,1301,2.66150436016896e-16,6,1,1,1.875,3.34991026478926,3.17646422070055,10.401918281206,0.0084845,0.036484,1e-09,1e-09
6,3,0.25,-0.25,21,66,3.02803995901985e-14,1.41709482548588e-14,9.81437153768638e-14,904,2.68244493782024e-16,24,1,1,1.625,1.72014246870347,1.71856106058237,3.79041143601214,0.0059787,0.0170712,1e-09,1e-09
6,3,0.25,-0.5,21,66,2.8421709430404e-14,1.48929410000634e-14,9.9475983006414e-14,913,3.52711157754797e-16,24,1,1,1.75,1.8524611201422,1.85075806524255,4.30916724108819,0.0068129,0.0202658,1e-09,1e-09
6,3,0.25,-0.75,21,66,2.62588011812236e-14,1.33923759429053e-14,9.85878045867139e-14,937,2.368475785867e-16,24,1,1,1.875,1.98477977158094,1.98295506990274,4.79211734149688,0.0066076,0.0176466,1e-09,1e-09
6,3,0.5,-0.25,21,66,2.5898829980118e-14,1.21879449493371e-14,8.43769498715119e-14,919,2.63203319964003e-16,24,1,1,1.625,1.83519685982288,1.82757004508493,4.22091068189791,0.0064744,0.0174591,1e-09,1e-09
6,3,0.5,-0.5,21,66,2.68760542513944e-14,1.36528175182659e-14,9.41469124882133e-14,931,2.50931696175241e-16,24,1,1,1.75,1.97636584904003,1.96815235624531,4.73966648697397,0.0063386,0.017302,1e-09,1e-09
6,3,0.5,-0.75,21,66,2.49779950645837e-14,9.55008293074161e-15,9.37028232783632e-14,904,2.368475785867e-16,24,1,1,1.875,2.11753483825717,2.10873466740569,5.22261658738263,0.0062813,0.0167907,1e-09,1e-09
6,3,1,-0.25,21,66,2.85724495072081e-14,1.05547708554725e-14,9.2370555648813e-14,889,3.86114182529828e-16,24,1,1,1.625,2.16286545285843,2.11429348642187,5.2410449540284,0.0057566,0.0173337,1e-09,1e-09
6,3,1,-0.5,21,66,2.70409764491239e-14,1.02369639882809e-14,9.41469124882133e-14,895,4.88692345466107e-16,24,1,1,1.75,2.32923971846292,2.27693144691586,5.75980075910447,0.0063008,0.0174903,1e-09,1e-09
6,3,1,-0.75,21,66,2.11892109781562e-14,7.49940570406619e-15,7.99360577730113e-14,896,3.4733738141063e-16,24,1,1,1.875,2.49561398406743,2.43956940740987,6.24275085951316,0.0061698,0.0174334,1e-09,1e-09
6,3,1.5,-0.25,21,66,2.83877164247389e-14,9.41912240166218e-15,9.2370555648813e-14,889,5.46571335200077e-16,24,1,1,1.625,2.80032599855466,2.57579098876882,6.62309666934963,0.0056904,0.0172771,1e-09,1e-09
6,3,1.5,-0.5,21,66,2.34699461276292e-14,1.05802173881602e-14,8.17124146124115e-14,889,4.69854165389251e-16,24,1,1,1.75,3.01573569075118,2.77392875713566,7.1418524744257,0.0057273,0.0176066,1e-09,1e-09
6,3,1.5,-0.75,21,66,2.53811430618853e-14,1.09172571212201e-14,9.2370555648813e-14,898,4.38530554363301e-16,24,1,1,1.875,3.23114538294767,2.97206652550247,7.62480257483432,0.0059215,0.0175083,1e-09,1e-09
7,3,0.25,-0.25,36,293,2.88464032317766e-14,1.3825248103538e-14,9.37028232783632e-14,1610,2.59669621135257e-16,133,1,1,1.625,1.7298016581826,1.72848389378777,4.3779572984612,0.0104607,0.0817048,1e-09,1e-09
7,3,0.25,-0.5,36,293,2.8421709430404e-14,1.39034987601986e-14,9.9475983006414e-14,1609,2.47177628235808e-16,133,1,1,1.75,1.86286332419665,1.86144419330991,4.97082107569099,0.0104301,0.1213913,1e-09,1e-09
7,3,0.25,-0.75,36,293,2.65555465880996e-14,1.33736134178837e-14,9.9475983006414e-14,1654,3.42022284898992e-16,133,1,1,1.875,1.99592499021069,1.99440449283205,5.52276404758661,0.0101721,0.0800996,1e-09,1e-09
7,3,0.5,-0.25,36,293,2.88804755243387e-14,1.13903694682161e-14,9.37028232783632e-14,1623,3.41107978633912e-16,133,1,1,1.625,1.85583151429255,1.84944981431642,4.91910557753583,0.0102479,0.078396,1e-09,1e-09
7,3,0.5,-0.5,36,293,2.8063517202842e-14,1.31293539170722e-14,9.81437153768638e-14,1642,3.55707400616546e-16,133,1,1,1.75,1.99858778462275,1.99171518464846,5.51196935476561,0.0100467,0.0768724,1e-09,1e-09
7,3,0.5,-0.75,36,293,2.29517651895856e-14,1.02243114954869e-14,8.61533067109121e-14,1626,4.26492862762184e-16,133,1,1,1.875,2.14134405495295,2.13398055498049,6.06391232666124,0.0099961,0.0801559,1e-09,1e-09
7,3,1,-0.25,36,293,3.02894301230797e-14,1.1238561215896e-14,9.85878045867139e-14,1622,2.73285667600039e-16,133,1,1,1.625,2.20960937157334,2.1688082691839,6.19342265589865,0.0102048,0.0802866,1e-09,1e-09
7,3,1,-0.5,36,293,2.84467926263217e-14,1.09579592963424e-14,9.9475983006414e-14,1613,2.19132788120648e-16,133,1,1,1.75,2.37957932323284,2.33563967450575,6.78628643312846,0.0099161,0.0789145,1e-09,1e-09
7,3,1,-0.75,36,293,2.63051092342205e-14,9.86096433725298e-15,9.76996261670138e-14,1622,3.01756836278938e-16,133,1,1,1.875,2.54954927489233,2.50247107982759,7.33822940502407,0.0101238,0.07843,1e-09,1e-09
7,3,1.5,-0.25,36,293,2.93673880056432e-14,1.03989097734522e-14,9.59232693276135e-14,1615,3.83178777622769e-16,133,1,1,1.625,2.8638936864495,2.68067814119376,7.88855840218381,0.0099869,0.077643,1e-09,1e-09
7,3,1.5,-0.5,36,293,2.82172533907646e-14,1.06258286445506e-14,9.9475983006414e-14,1626,3.93966957133885e-16,133,1,1,1.75,3.08419320079177,2.88688415205482,8.48142217941358,0.0101328,0.0778598,1e-09,1e-09
7,3,1.5,-0.75,36,293,2.62891313889531e-14,1.15887387882912e-14,9.9475983006414e-14,1640,4.54414082027699e-16,133,1,1,1.875,3.30449271513407,3.09309016291589,9.03336515130924,0.010703,0.0779134,1e-09,1e-09
8,3,0.25,-0.25,57,1031,3.00431934747838e-14,1.41036678956426e-14,9.74775815620887e-14,2579,3.88178984977749e-16,37,1,1,1.625,1.71960776977994,1.71847754402163,4.87294875022669,0.01608,0.2954592,1e-09,1e-09
8,3,0.25,-0.5,57,1031,2.8421709430404e-14,1.3630342937748e-14,9.9475983006414e-14,2594,4.8060255282957e-16,37,1,1,1.75,1.85188529053226,1.85066812433101,5.53992049961027,0.0158738,0.2916554,1e-09,1e-09
8,3,0.25,-0.75,57,1031,2.59934751398331e-14,1.26583680851159e-14,9.76996261670138e-14,2678,4.43092062554909e-16,37,1,1,1.875,1.98416281128455,1.98285870464035,6.16085634299276,0.016481,0.2961576,1e-09,1e-09
8,3,0.5,-0.25,57,1031,3.04598325940869e-14,1.32392962113801e-14,9.9031893796564e-14,2621,4.88572624740559e-16,37,1,1,1.625,1.83185311348138,1.82626937522002,5.42047763986894,0.016527,0.2987191,1e-09,1e-09
8,3,0.5,-0.5,57,1031,2.85997455488773e-14,1.39373016831756e-14,9.99200722162641e-14,2645,4.41952465646168e-16,37,1,1,1.75,1.97276489144149,1.96675163485233,6.08744938925244,0.0160224,0.2901931,1e-09,1e-09
8,3,0.5,-0.75,57,1031,2.52352514577504e-14,1.17502556190987e-14,9.50350909079134e-14,2645,4.23922110783503e-16,37,1,1,1.875,2.11367666940159,2.10723389448464,6.708385232635,0.0160703,0.2893394,1e-09,1e-09
8,3,1,-0.25,57,1031,3.00577992972123e-14,1.41893726992403e-14,9.72555369571637e-14,2595,4.7731847249556e-16,37,1,1,1.625,2.14230952588961,2.10436771621369,6.69613544701647,0.0157704,0.2873692,1e-09,1e-09
8,3,1,-0.5,57,1031,2.81698307654914e-14,1.22391354406952e-14,9.85878045867139e-14,2626,6.01310996346854e-16,37,1,1,1.75,2.30710256634267,2.26624215592244,7.3631071964,0.0163709,0.2933703,1e-09,1e-09
8,3,1,-0.75,57,1031,2.65750612185368e-14,1.18037989072163e-14,9.9475983006414e-14,2650,3.74149064393613e-16,37,1,1,1.875,2.47189560679571,2.42811659563118,7.98404303978253,0.0161049,0.2893624,1e-09,1e-09
8,3,1.5,-0.25,57,1031,3.0943293309049e-14,1.41871836716093e-14,9.9475983006414e-14,2610,6.83214169000096e-16,37,1,1,1.625,2.73391100318462,2.53899752136708,8.38592393848195,0.0156916,0.2909471,1e-09,1e-09
8,3,1.5,-0.5,57,1031,2.85511048737702e-14,1.17423800312274e-14,9.9475983006414e-14,2635,8.88178419700125e-16,37,1,1,1.75,2.94421184958342,2.73430502301069,9.0528956878654,0.0158147,0.2932507,1e-09,1e-09
8,3,1.5,-0.75,57,1031,2.65478209399067e-14,9.96154842631904e-15,9.9475983006414e-14,2651,6.98609365388381e-16,37,1,1,1.875,3.15451269598226,2.92961252465433,9.67383153124801,0.0164002,0.2885128,1e-09,1e-09
